Country,State,Route,Active,Latitude,Longitude,Stratum,BCR
840,2,1,1,34.868688,-87.6041417,14,27
840,2,4,1,34.0297881,-87.0592352,13,28
840,2,6,1,34.5012877,-86.6855493,14,24
840,2,7,1,34.8680404,-86.2030371,14,24
840,2,10,1,33.1913463,-85.9258408,11,29
840,2,12,1,33.6076572,-85.7511714,13,28
840,2,14,1,33.4549551,-86.6010915,13,28
840,2,16,1,33.8481773,-87.5888357,13,27
840,2,17,1,33.5263185,-87.0044623,13,28
840,2,19,1,33.4765537,-88.1712189,4,27
840,2,20,1,32.1307226,-88.3172665,4,27
840,2,21,1,32.2782397,-87.8359539,4,27
840,2,22,1,32.442715,-87.2158334,4,27
840,2,24,1,32.1312407,-86.2754989,4,27
840,2,25,1,32.6594297,-86.7017714,4,27
840,2,26,1,32.5890245,-86.1307777,4,27
840,2,27,1,32.3116131,-85.5530853,4,27
840,2,28,1,32.8854647,-85.2044589,11,29
840,2,29,1,32.1473077,-85.0626449,4,27
840,2,31,1,31.0081277,-85.2112631,4,27
840,2,33,1,31.5859083,-86.250378,4,27
840,2,34,1,31.4439507,-86.6131969,4,27
840,2,35,1,30.9977072,-86.8858316,4,27
840,2,36,1,31.7399574,-87.2090516,4,27
840,2,39,1,31.632605,-88.3131441,4,27
840,2,43,1,33.1156047,-87.1007539,13,27
840,2,45,1,34.1311637,-87.7621469,4,27
840,2,46,1,34.3142387,-86.4773569,13,28
840,2,47,1,33.1379607,-87.8205274,4,27
840,2,48,1,32.6807827,-88.1229309,4,27
840,2,49,1,32.8055085,-87.7643955,4,27
840,2,50,1,32.3276808,-86.7118894,4,27
840,2,51,1,32.5816871,-85.7164607,11,28
840,2,54,1,31.2223969,-86.0994295,4,27
840,2,55,1,31.6676037,-85.6508719,4,27
840,2,57,1,34.4236313,-87.3907904,13,28
840,2,59,1,33.2811827,-88.0092154,4,27
840,2,60,1,33.2638251,-87.4241383,4,27
840,2,61,1,33.718519,-86.4457647,13,28
840,2,63,1,32.4128107,-87.5381089,4,27
840,2,65,1,32.4341515,-85.8711729,4,27
840,2,67,1,31.4086552,-86.270046,4,27
840,2,71,1,34.7961251,-87.3837235,14,24
840,2,72,1,34.9292307,-86.9887629,14,24
840,2,73,1,34.9895137,-86.0671689,21,28
840,2,105,1,34.2126918,-86.4734413,13,28
840,2,109,1,34.3086241,-85.9323092,13,28
840,2,111,1,33.6296357,-85.7466579,13,28
840,2,137,1,31.0706664,-87.8350582,4,27
840,2,140,1,30.248466,-88.1123348,3,27
840,2,141,1,30.2816323,-87.5183917,3,27
840,2,142,1,30.370222,-87.6024375,3,27
840,2,156,1,33.2905307,-86.3312989,13,28
840,2,162,1,33.9413322,-85.450491,11,28
840,2,164,1,32.822371,-86.1117753,11,28
840,2,204,1,34.7575557,-85.8594579,13,28
840,2,205,1,33.6853138,-88.1671198,4,27
840,2,207,1,33.8564625,-86.3813006,13,28
840,2,208,1,33.3180161,-86.1573541,13,28
840,2,209,1,33.1844368,-85.464604,11,29
840,2,210,1,32.1930088,-87.3792753,4,27
840,2,211,1,32.4860839,-86.5697685,4,27
840,2,212,1,32.5033347,-85.2532189,4,27
840,2,213,1,31.1365731,-88.2207774,4,27
840,2,215,1,31.9052647,-86.1853409,4,27
840,2,216,1,31.7296264,-85.2558091,4,27
840,2,218,1,30.803493,-87.6374375,3,27
840,2,750,1,34.4761164,-86.4676524,14,24
840,2,751,1,33.5919601,-86.2041575,13,28
840,2,752,1,32.6683647,-87.2422029,4,27
840,2,754,1,30.688444,-87.969378,4,27
840,7,2,1,33.1683737,-91.3322519,5,26
840,7,4,1,33.5907857,-92.6974039,4,25
840,7,5,1,33.3755757,-93.4706879,4,25
840,7,6,1,33.6627163,-93.6694105,4,25
840,7,7,1,33.6969877,-94.1229479,4,25
840,7,8,1,34.9269397,-90.5065699,5,26
840,7,10,1,34.0487397,-91.4995419,5,26
840,7,13,1,34.0344927,-93.2513959,4,25
840,7,15,1,34.9704407,-94.0440279,19,25
840,7,16,1,35.4848667,-90.6809479,5,26
840,7,19,1,35.9114603,-91.3426352,19,26
840,7,20,1,35.6330837,-92.7182699,19,24
840,7,21,1,35.5702167,-92.1956399,19,25
840,7,22,1,35.4263985,-93.6640897,19,25
840,7,23,1,35.7806777,-93.0696409,19,24
840,7,24,1,35.3514159,-94.3318236,19,25
840,7,25,1,36.4436877,-90.9236529,5,26
840,7,26,1,36.0989147,-91.7354059,19,24
840,7,27,1,36.4061087,-92.1148009,19,24
840,7,28,1,36.1206137,-93.2802279,19,24
840,7,29,1,36.4053037,-94.1100149,19,24
840,7,30,1,36.329802,-94.303299,19,24
840,7,31,1,36.394077,-93.472462,19,24
840,7,32,1,36.210562,-92.751243,19,24
840,7,33,1,36.313763,-91.22905,5,24
840,7,35,1,35.901224,-90.000225,5,26
840,7,36,1,35.396663,-90.966633,5,26
840,7,37,1,35.373736,-91.658032,5,24
840,7,39,1,35.075027,-93.68179,19,25
840,7,41,1,34.65949,-93.689266,19,25
840,7,42,1,34.559183,-92.001796,4,26
840,7,43,1,34.13829,-91.573969,5,26
840,7,45,1,33.782848,-94.006856,4,25
840,7,46,1,33.026092,-93.493628,4,25
840,7,47,1,33.454572,-92.967494,4,25
840,7,48,1,33.796907,-91.220963,5,26
840,7,103,1,33.9394687,-92.5894309,4,25
840,7,109,1,34.7008083,-91.7077371,5,26
840,7,111,1,34.7023815,-92.8007333,19,25
840,7,112,1,34.35,-92.633333,4,25
840,7,117,1,35.5182227,-90.2867129,5,26
840,7,118,1,35.3146835,-91.3577331,5,26
840,7,900,1,35.6440029,-93.2948547,19,24
840,7,901,1,35.1599347,-93.4248279,19,25
840,7,902,1,35.6923427,-93.8210314,19,24
840,18,1,1,41.3360007,-71.9642159,12,30
840,18,3,1,41.7026037,-72.5159969,12,30
840,18,4,1,41.417728,-72.1530946,12,30
840,18,8,1,41.5493443,-73.2167392,12,30
840,18,9,1,41.5387127,-73.5009399,12,28
840,18,10,1,41.0517897,-73.6169339,12,30
840,18,11,1,41.3362789,-73.5313225,12,30
840,18,12,0,41.7487967,-73.3502269,12,30
840,18,13,1,41.2521947,-73.2470699,12,30
840,18,14,1,41.5651229,-72.5906625,12,30
840,18,15,1,41.5832977,-72.8512329,12,30
840,18,102,1,41.7378788,-72.9270422,12,14
840,21,1,1,39.5003037,-75.6860679,4,30
840,21,2,1,39.7518831,-75.5873207,4,30
840,21,3,1,38.9594417,-75.5366119,4,30
840,21,4,1,39.0287137,-75.4652999,4,30
840,21,10,1,38.7480537,-75.2899489,4,30
840,21,105,1,39.3705837,-75.6392639,4,30
840,21,109,1,38.7324037,-75.4638509,4,30
840,25,1,1,30.9291812,-87.4079434,4,27
840,25,2,1,30.3755433,-86.2758321,3,27
840,25,3,1,30.5193157,-86.4809129,3,27
840,25,4,1,30.5288404,-85.1334541,3,27
840,25,5,1,30.3372497,-85.2869789,3,27
840,25,6,1,30.5950194,-84.0413094,4,27
840,25,9,1,29.7818335,-85.3003555,3,27
840,25,10,1,30.2734632,-83.8569684,3,27
840,25,11,1,29.6686989,-83.3782062,3,27
840,25,12,1,30.5026237,-82.7337409,3,27
840,25,14,1,29.1916199,-82.394802,3,31
840,25,15,1,29.9877641,-84.9762879,3,27
840,25,17,0,27.4438745,-82.1186659,2,31
840,25,18,1,29.8899427,-81.3438119,3,31
840,25,19,1,30.7202649,-81.9062085,3,27
840,25,20,1,28.3266818,-82.3022052,2,31
840,25,21,1,29.8970697,-81.8343049,3,31
840,25,22,1,28.1788407,-81.8605659,2,31
840,25,23,0,28.5723877,-81.9816829,2,31
840,25,24,1,27.3232866,-81.4189503,2,31
840,25,25,1,28.7481187,-80.8712309,2,31
840,25,26,1,26.2943143,-81.448561,2,31
840,25,27,1,27.6610372,-82.1462286,2,31
840,25,28,1,25.7510497,-80.9676799,2,31
840,25,30,1,27.9626301,-80.9673345,2,31
840,25,31,1,26.9657323,-80.3854635,2,31
840,25,37,1,30.2531989,-82.1623546,3,27
840,25,52,1,30.7209289,-86.7860494,3,27
840,25,53,1,30.7184797,-86.1160696,3,27
840,25,54,1,30.5335474,-85.2426415,3,27
840,25,55,1,30.9498107,-85.7419899,4,27
840,25,56,1,30.2929508,-83.6676053,3,27
840,25,57,1,30.387698,-84.6639032,3,27
840,25,61,1,30.5193097,-83.2158819,3,27
840,25,62,1,29.9468226,-84.340943,3,27
840,25,63,1,29.5359317,-81.8774959,3,31
840,25,64,1,29.4080424,-81.1983453,2,31
840,25,66,1,28.6471072,-82.1719367,2,31
840,25,67,1,28.1011187,-80.8980039,2,31
840,25,68,1,28.6901383,-81.5469756,2,31
840,25,69,1,28.3225489,-81.3372759,2,31
840,25,73,1,27.7611546,-81.4536353,2,31
840,25,74,1,27.2364427,-80.5471555,2,31
840,25,81,1,26.5587549,-81.126711,2,31
840,25,82,1,26.8751997,-81.3585199,2,31
840,25,84,1,29.6862263,-83.0674784,3,27
840,25,85,1,28.2764097,-82.6352619,2,31
840,25,86,1,26.9459847,-81.7610009,2,31
840,25,87,1,25.9322682,-81.6570333,1,31
840,25,107,0,30.53685,-85.836483,3,27
840,25,108,1,30.3242578,-85.0052085,3,27
840,25,113,1,29.4553574,-82.119094,3,31
840,25,116,1,28.0402277,-82.5089729,2,31
840,25,129,1,27.9007144,-81.7191254,2,31
840,25,132,1,26.9297114,-82.0333415,2,31
840,25,135,1,25.1388716,-80.9335333,1,31
840,25,151,1,30.965694,-86.455486,3,27
840,25,159,1,30.018918,-82.810872,3,27
840,25,170,1,27.769929,-82.334936,2,31
840,25,172,1,27.4972377,-81.6004029,2,31
840,25,176,1,26.6850447,-80.3893099,1,31
840,25,180,1,25.3099469,-80.3928389,1,31
840,25,283,1,24.597703,-81.5829559,1,31
840,25,901,1,30.2634445,-84.6552242,3,27
840,25,902,1,30.3790152,-82.3594866,3,27
840,25,903,1,29.3967527,-81.8082819,2,31
840,25,904,1,30.9635097,-85.1179618,4,27
840,25,905,1,28.5817572,-82.1873953,2,31
840,25,906,1,28.3029119,-81.9184945,2,31
840,25,908,1,28.7995277,-82.380934,2,31
840,25,909,1,29.09706,-82.5826,3,31
840,25,910,1,26.8177916,-81.9247336,2,31
840,25,911,1,26.8544437,-80.2678139,2,31
840,25,915,0,28.7856862,-80.8008275,2,31
840,25,916,1,26.9950167,-81.9587398,2,31
840,25,917,1,30.2200916,-82.4080153,3,27
840,25,918,1,28.5692767,-80.9969329,3,31
840,25,919,1,26.9941297,-80.5737674,2,31
840,25,920,1,30.4264141,-86.7556245,3,27
840,25,921,1,29.6796829,-85.215292,3,27
840,25,922,1,28.6793707,-82.5663679,2,31
840,27,1,1,30.8733817,-81.5755079,3,27
840,27,4,1,30.9276387,-83.0293039,3,27
840,27,5,1,31.9696201,-82.3558447,4,27
840,27,6,1,30.8199147,-84.5234609,4,27
840,27,7,1,31.7059705,-83.2438622,4,27
840,27,10,1,31.7456477,-84.7198949,4,27
840,27,14,1,32.3986852,-83.4524425,4,27
840,27,15,1,33.0058447,-83.9907256,11,29
840,27,16,1,32.9365857,-84.4948117,11,29
840,27,18,1,31.212031,-83.2572724,4,27
840,27,20,1,33.7540376,-83.1735057,11,29
840,27,21,1,31.2906127,-84.4058069,4,27
840,27,24,1,34.0324127,-83.3156813,11,29
840,27,26,1,34.566415,-84.7282157,13,28
840,27,27,1,34.0545254,-84.7868559,11,28
840,27,28,1,32.3776397,-83.7887419,4,27
840,27,29,1,31.6113295,-83.9135034,4,27
840,27,30,1,34.4948364,-83.5415723,11,29
840,27,31,1,33.5197045,-83.0957341,11,29
840,27,33,1,32.1823297,-84.2682799,4,27
840,27,35,1,32.9464727,-83.6478349,4,27
840,27,36,1,33.5381995,-85.2533567,11,29
840,27,38,1,32.3152912,-84.5636584,4,27
840,27,39,1,34.3863104,-85.0490155,13,28
840,27,40,1,34.7642707,-84.0687099,23,28
840,27,41,1,34.9172777,-83.4074789,23,28
840,27,44,1,33.6307147,-84.2188269,11,29
840,27,46,1,33.1053145,-83.8122125,11,29
840,27,47,1,33.6477247,-82.6759719,11,29
840,27,48,1,33.0291229,-82.8309704,4,27
840,27,49,1,32.1468537,-83.5781559,4,27
840,27,50,1,32.1747043,-82.9529801,4,27
840,27,51,1,32.88997,-82.3672037,4,27
840,27,52,1,31.9142657,-83.5531469,4,27
840,27,54,1,32.6493901,-81.6930981,4,27
840,27,57,1,30.6653217,-83.80112,4,27
840,27,112,1,32.1084995,-82.3713072,4,27
840,27,117,1,31.1988887,-82.2302919,3,27
840,27,155,1,31.4577244,-82.8023609,4,27
840,27,156,1,31.6168883,-81.6271416,3,27
840,27,158,1,30.6012759,-82.706828,3,27
840,27,304,1,31.060394,-81.9385286,3,27
840,27,305,1,31.7275586,-81.2589304,3,27
840,27,307,1,31.6994191,-82.4003766,4,27
840,27,309,1,32.6387756,-81.8440915,4,27
840,27,310,1,32.6981698,-81.4772544,4,27
840,27,314,1,31.911593,-83.3946338,4,27
840,27,317,1,31.7538576,-84.0168649,4,27
840,27,321,1,32.5465719,-83.7460488,4,27
840,27,322,1,32.8593849,-84.4158115,11,29
840,27,325,1,33.8799945,-82.553544,11,29
840,27,327,1,33.382002,-84.2837106,11,29
840,27,329,1,33.4037868,-85.253731,11,29
840,27,331,1,34.1726911,-83.8381378,11,29
840,27,332,1,34.1982791,-82.7559864,11,29
840,27,333,1,34.3932407,-83.1032176,11,29
840,27,335,1,34.906261,-84.5124264,23,28
840,34,17,1,41.2187664,-87.5816027,16,22
840,34,20,1,40.2137205,-91.1829978,31,22
840,34,22,1,40.6514497,-90.9814019,32,22
840,34,26,1,40.9305488,-89.7938841,32,22
840,34,27,1,40.6045464,-89.3175167,31,22
840,34,29,1,40.9275498,-88.95069,31,22
840,34,38,1,39.799577,-90.4109104,31,22
840,34,42,1,39.3998674,-89.2049844,31,22
840,34,43,1,39.5535471,-89.4517437,31,22
840,34,46,1,39.3149204,-88.195176,31,22
840,34,49,1,38.3851828,-90.2587326,31,22
840,34,50,1,38.5256201,-89.8193422,31,22
840,34,51,1,38.6981367,-89.5364836,31,22
840,34,52,1,38.6699717,-89.6602444,31,22
840,34,53,1,38.3511978,-89.2943026,31,22
840,34,54,1,38.248185,-88.233672,31,24
840,34,55,1,38.4401577,-88.9703208,31,22
840,34,56,1,38.70688,-88.1676148,31,22
840,34,57,1,38.6772904,-88.4287356,31,22
840,34,58,1,38.8352107,-87.7451035,31,24
840,34,59,1,37.2325914,-89.2352685,14,24
840,34,60,1,37.9708433,-89.7475091,14,24
840,34,61,1,37.3198861,-88.9437782,14,24
840,34,62,1,37.5997248,-88.5063589,14,24
840,34,63,1,37.0730417,-88.5193033,14,24
840,34,71,1,40.3045239,-90.1357207,31,22
840,34,74,1,39.2888385,-90.550608,31,22
840,34,75,1,39.3988002,-89.8313118,31,22
840,34,76,1,39.1055838,-88.0246848,31,22
840,34,77,1,39.1467916,-87.6692368,31,24
840,34,79,1,38.0393916,-88.2081104,31,24
840,34,80,1,37.2026548,-89.274296,14,24
840,34,81,1,37.4674888,-88.1644941,14,24
840,34,135,1,39.9258337,-91.3130559,31,22
840,34,307,1,40.0179525,-90.9316336,31,22
840,34,308,1,40.2639127,-89.1297627,31,22
840,34,310,1,40.0813067,-87.5396719,31,22
840,34,311,1,39.9614287,-91.3007819,31,22
840,34,312,1,39.8173797,-90.4058819,31,22
840,34,314,1,39.9526337,-88.6689458,31,22
840,34,315,1,39.4014967,-87.706176,31,22
840,34,316,1,38.8433817,-89.3901378,31,22
840,34,317,1,38.4982149,-88.8800235,31,22
840,34,318,1,37.8620527,-89.0775209,31,24
840,34,319,1,37.2950124,-88.9472487,14,24
840,34,900,1,39.9548261,-89.7510457,31,22
840,35,5,1,41.0254887,-86.2808379,16,23
840,35,10,1,40.6790779,-87.3633993,31,22
840,35,11,1,40.4076491,-87.0361216,31,22
840,35,12,1,40.7078507,-86.8139639,31,22
840,35,13,1,40.5842651,-86.1842198,31,22
840,35,16,1,40.0330447,-85.5449749,31,22
840,35,19,1,40.8532797,-85.9044039,31,22
840,35,21,1,39.3319867,-87.3743359,15,24
840,35,22,1,39.5330205,-87.1438756,15,24
840,35,23,1,39.0791429,-86.3429849,14,24
840,35,26,1,39.2638847,-86.7031329,15,24
840,35,29,1,39.4677041,-85.4421615,31,22
840,35,30,1,39.5621707,-85.7760939,31,22
840,35,31,1,39.493804,-84.9764184,31,22
840,35,32,1,38.6841567,-87.1287007,15,24
840,35,34,1,38.0976637,-87.3919892,15,24
840,35,35,1,38.7744667,-86.7647789,14,24
840,35,37,1,38.9190517,-86.1929939,14,24
840,35,38,1,38.6631267,-85.9410399,14,24
840,35,39,1,38.2672943,-86.1463592,14,24
840,35,42,1,37.9911389,-87.4410458,15,24
840,35,108,1,41.1013504,-85.8354611,16,23
840,35,117,1,40.1346467,-85.3574289,31,22
840,35,306,1,40.1985767,-86.4502189,31,22
840,35,309,1,39.9820787,-87.3561447,31,22
840,35,313,1,39.125475,-87.0543672,15,24
840,35,314,1,38.7671667,-86.5484989,14,24
840,35,316,1,37.9142237,-87.6297459,15,24
840,36,1,1,40.7698922,-91.6797963,32,22
840,38,6,1,37.3190352,-97.349158,35,19
840,38,7,1,37.2322087,-97.2582029,35,19
840,38,16,1,38.9939527,-96.9002609,35,22
840,38,17,1,38.3623234,-96.5605733,35,22
840,38,19,1,39.0607981,-97.1112208,35,19
840,38,21,1,38.5515107,-98.0351929,34,19
840,38,301,1,37.3099157,-94.7416989,33,22
840,38,303,1,37.7958024,-96.4347911,35,22
840,38,304,1,37.7959759,-97.4634159,35,19
840,38,309,1,38.215197,-94.6125164,33,22
840,38,311,1,38.5224225,-96.9117521,35,22
840,38,317,1,39.7839097,-95.2272709,32,22
840,39,1,1,36.6082857,-83.7017979,21,28
840,39,2,1,36.9068375,-88.8622638,4,27
840,39,3,1,36.6896267,-88.1808759,4,27
840,39,4,1,36.792622,-87.9605863,14,24
840,39,5,1,36.664255,-87.0088713,14,24
840,39,6,1,36.9907469,-86.6314152,14,24
840,39,8,1,36.8194377,-85.7169959,14,24
840,39,9,1,36.7007807,-85.2699359,14,24
840,39,10,1,36.6171577,-84.9933879,14,28
840,39,11,1,36.8211687,-84.8339909,21,28
840,39,21,1,37.390468,-84.6612332,14,24
840,39,22,1,37.470864,-84.8112865,14,24
840,39,23,1,37.9849668,-84.8137054,15,24
840,39,25,1,37.4126457,-85.1284099,14,24
840,39,26,1,37.9353872,-85.0956126,15,24
840,39,28,1,37.2573275,-86.1387677,14,24
840,39,29,1,37.8199855,-86.8961593,14,24
840,39,30,1,37.5961302,-86.2962376,14,24
840,39,35,1,37.7163597,-87.6947489,14,24
840,39,36,1,37.3299427,-88.3261579,14,24
840,39,39,1,38.7213307,-84.8237459,15,24
840,39,40,1,38.4344957,-84.1633637,15,24
840,39,41,1,38.3791569,-84.5727271,15,24
840,39,43,1,38.1661827,-84.0681929,15,24
840,39,44,1,38.2051493,-83.9295763,15,24
840,39,107,1,36.9261037,-86.3369279,14,24
840,39,112,1,36.8621049,-89.0413978,4,26
840,39,117,1,37.7389457,-83.5630719,21,28
840,39,118,1,37.6333333,-83.8,21,28
840,39,119,1,37.9925553,-83.9410257,14,28
840,39,120,1,37.2448,-87.3322,15,24
840,39,124,1,37.5839876,-85.7373309,14,24
840,39,127,1,37.8249387,-85.7117159,15,24
840,39,132,1,37.2446037,-87.331989,14,24
840,39,134,1,37.1070839,-87.3525878,14,24
840,39,145,1,38.4235754,-83.0919895,22,28
840,39,146,1,38.4390546,-82.9964384,22,28
840,39,900,1,37.2174545,-86.0487853,14,24
840,42,9,1,30.7018587,-90.5110779,4,26
840,42,10,1,30.8801251,-90.2491541,4,27
840,42,11,1,30.0641124,-91.8208203,6,26
840,42,12,1,30.8692521,-91.5109166,5,27
840,42,15,1,30.0082047,-93.3426979,6,37
840,42,16,1,30.8315727,-93.3184289,3,25
840,42,17,1,31.1887275,-91.6715765,5,26
840,42,18,1,31.9792958,-91.4440435,5,26
840,42,20,1,31.46457,-92.29532,4,25
840,42,26,1,32.4602687,-92.6215889,4,25
840,42,27,1,32.0735964,-93.9744951,4,25
840,42,30,1,29.7156229,-91.8769586,6,37
840,42,31,1,29.8458497,-92.2329247,6,37
840,42,32,1,30.8571966,-90.7326251,4,27
840,42,33,1,30.3986037,-91.5101169,5,26
840,42,34,1,30.0808747,-92.4508969,6,37
840,42,38,1,32.4856776,-91.4269719,5,26
840,42,51,1,29.9842321,-91.9569658,6,26
840,42,52,1,29.9956057,-92.5966809,6,37
840,42,53,1,30.2694157,-90.9416869,5,26
840,42,54,1,30.9782167,-91.1039109,4,27
840,42,55,1,30.4219427,-92.2865819,6,37
840,42,56,1,30.4099932,-93.1678412,3,25
840,42,57,1,31.7369095,-91.5965299,5,26
840,42,58,1,32.0001519,-92.3835537,4,25
840,42,59,1,31.4575093,-93.6603126,4,25
840,42,60,1,32.8550727,-91.2622069,5,26
840,42,61,1,32.9745407,-92.5649569,4,25
840,42,62,1,32.1111307,-93.2537839,5,25
840,42,101,1,29.6924898,-89.9669461,5,26
840,42,104,1,29.7559597,-90.5588309,5,26
840,42,105,1,29.6995057,-91.2072539,5,26
840,42,106,1,29.7706489,-93.0158239,6,37
840,42,113,1,30.6521557,-92.4323269,6,37
840,42,119,1,31.5639297,-92.963258,4,25
840,42,122,1,31.0660928,-93.4958419,4,25
840,42,124,1,32.385442,-91.65069,5,26
840,42,125,1,32.3059287,-92.3460469,4,25
840,42,128,1,32.5540378,-93.482775,4,25
840,42,137,1,31.6696396,-93.5734938,4,25
840,42,139,1,32.9487841,-92.2696438,4,25
840,42,140,1,32.7507357,-93.5489809,4,25
840,42,208,1,30.2700817,-89.8453979,3,26
840,42,221,1,31.4823534,-93.1474655,4,25
840,42,303,1,32.9737057,-91.5183169,5,26
840,42,305,0,31.9552681,-92.8142323,4,25
840,42,306,1,31.9003707,-91.9109869,5,25
840,42,308,1,30.2754072,-92.962092,6,37
840,42,309,1,30.4743657,-91.2112109,5,26
840,42,311,1,29.5532551,-92.3067829,6,37
840,42,410,1,30.832203,-90.146244,3,26
840,42,411,0,29.55323,-92.30674,6,37
840,42,903,1,30.4128796,-91.1957095,5,26
840,42,904,1,32.3123624,-91.366531,5,26
840,42,905,1,30.3686157,-91.6352162,5,26
840,42,906,1,30.4157544,-91.1801812,5,26
840,46,5,1,39.6151476,-78.8123259,13,28
840,46,6,1,39.6129717,-77.8655019,13,28
840,46,7,1,39.6486494,-77.5681548,10,28
840,46,8,1,39.5780009,-77.5489971,10,28
840,46,11,1,39.1514457,-77.0930269,10,29
840,46,12,1,39.1152852,-77.0002244,10,29
840,46,13,1,39.516536,-77.0384304,10,29
840,46,14,1,39.6423121,-77.0236228,10,29
840,46,15,1,39.6359624,-76.9692792,10,29
840,46,16,1,39.5515705,-76.8137896,10,29
840,46,17,1,39.7002158,-76.7644397,10,29
840,46,18,1,39.3456735,-76.8160804,10,29
840,46,20,1,39.4890766,-76.3159492,10,29
840,46,22,1,39.0164522,-76.8497577,10,30
840,46,29,1,38.5217447,-76.8406989,4,30
840,46,30,1,38.6021387,-77.0780349,4,30
840,46,31,1,38.5960742,-77.0558732,4,30
840,46,32,1,39.628083,-76.00685,10,29
840,46,33,1,39.52083,-75.94228,10,29
840,46,34,1,39.5231571,-75.9042529,4,30
840,46,35,1,39.276509,-75.7640082,4,30
840,46,36,1,39.2640947,-76.1481269,4,30
840,46,37,1,39.10312,-76.192383,4,30
840,46,38,1,38.783977,-75.8845056,4,30
840,46,39,1,38.8211117,-75.9331139,4,30
840,46,40,1,38.7863193,-76.075195,4,30
840,46,41,1,38.4607494,-76.1997997,4,30
840,46,42,1,38.3676908,-76.2432656,4,30
840,46,43,1,38.5258637,-76.2101023,4,30
840,46,44,1,38.5203297,-75.7964256,4,30
840,46,46,1,38.4485307,-75.7898657,4,30
840,46,47,1,38.1651924,-75.5797027,4,30
840,46,48,1,38.2256736,-75.2663372,4,30
840,46,51,1,39.6733819,-79.1632229,24,28
840,46,52,1,39.3377737,-79.3101889,24,28
840,46,54,1,39.6399863,-78.4762746,13,28
840,46,102,1,39.5399409,-79.1662387,24,28
840,46,112,1,39.2945828,-77.3066703,10,29
840,46,121,0,39.0378914,-76.5142379,4,30
840,46,123,1,38.9888945,-76.6695275,4,30
840,46,124,1,38.7166667,-76.8166667,4,30
840,46,125,1,38.4092014,-76.5507449,4,30
840,46,126,1,38.5019497,-76.5743599,4,30
840,46,145,1,38.3003961,-75.5666203,4,30
840,46,149,1,38.3112181,-75.1181628,4,30
840,46,150,1,38.2015289,-75.4112061,4,30
840,46,151,1,39.63115,-76.52063,10,29
840,47,1,1,41.750876,-70.1656255,9,30
840,47,3,1,41.7147936,-70.7712211,12,30
840,47,6,1,42.0823387,-70.8662472,12,30
840,47,7,1,42.8153398,-70.8188944,12,30
840,47,8,1,42.4344551,-71.4311953,12,30
840,47,9,1,42.5199697,-71.5305739,12,30
840,47,10,1,42.1503703,-71.8990443,12,30
840,47,11,1,42.0067334,-71.118451,12,30
840,47,102,1,41.3440727,-70.7828989,9,30
840,47,112,1,42.4447746,-71.8486346,12,30
840,47,115,1,42.2307416,-72.514409,12,30
840,49,32,1,42.5960376,-85.134166,16,23
840,49,55,1,42.1013065,-84.8081892,16,23
840,49,905,1,41.8849487,-86.4515529,16,23
840,51,2,1,31.3905325,-91.3943546,4,27
840,51,3,1,34.5002597,-90.4577249,5,26
840,51,6,1,32.8000347,-90.1935199,4,27
840,51,7,1,33.2124607,-90.6941829,5,26
840,51,8,1,32.1085617,-90.5715029,4,27
840,51,9,1,31.5016917,-90.5987079,4,27
840,51,10,1,31.7099007,-91.0571174,4,27
840,51,12,1,34.8019937,-89.8113619,4,27
840,51,15,1,32.3251307,-89.4857109,4,27
840,51,16,1,32.5602847,-89.1019294,4,27
840,51,17,1,31.603808,-89.8130614,4,27
840,51,18,1,31.2358314,-89.8256369,4,27
840,51,20,1,30.7939126,-89.7137542,4,27
840,51,22,1,34.2998857,-88.5977339,4,27
840,51,23,1,33.1507326,-88.6241136,4,27
840,51,25,1,33.8691757,-88.6571809,4,27
840,51,26,1,32.5003056,-88.9270272,4,27
840,51,27,1,31.2334957,-88.7900629,4,27
840,51,28,1,31.6890917,-88.5298989,4,27
840,51,30,1,30.8158367,-88.7684399,3,27
840,51,31,1,31.7258462,-89.3435859,4,27
840,51,32,1,32.5813361,-89.8675417,4,27
840,51,33,1,31.5323896,-90.1565225,4,27
840,51,34,1,33.6053333,-91.11808,5,26
840,51,35,1,32.1287076,-90.749474,4,27
840,51,36,1,32.4505861,-90.8809066,4,26
840,51,37,1,31.0534826,-89.2701391,3,27
840,51,38,1,33.1294539,-89.1031668,4,27
840,51,39,1,34.1629417,-89.6794343,4,27
840,51,40,1,33.9667056,-90.7664328,5,26
840,51,41,1,34.3507798,-89.1849649,4,27
840,51,42,1,34.6420194,-88.1386101,4,27
840,51,43,1,31.0239867,-90.574498,3,27
840,51,104,1,34.4218377,-90.4983459,5,26
840,51,111,1,34.9641831,-89.6888585,4,27
840,51,113,1,33.5589457,-89.3902589,4,27
840,51,119,1,30.6193407,-89.5109799,3,27
840,51,224,1,32.8330316,-88.4874274,4,27
840,51,901,1,31.9621774,-89.2120306,4,27
840,51,902,1,32.4750637,-88.7854619,4,27
840,51,903,1,32.6458127,-90.721818,5,26
840,51,904,1,33.7693377,-90.1416549,5,26
840,51,905,1,33.9855857,-90.1939619,5,26
840,52,1,1,36.8252566,-89.2477946,5,26
840,52,2,1,36.5936897,-90.7479869,19,24
840,52,3,1,36.8637267,-91.6865341,19,24
840,52,4,1,36.857026,-92.5003493,19,24
840,52,5,1,36.6608617,-93.9101019,19,24
840,52,6,1,36.5642282,-94.2388636,19,24
840,52,7,1,37.3066269,-89.526555,5,26
840,52,8,1,37.2598585,-90.3074923,19,24
840,52,10,1,37.3759607,-91.5529269,19,24
840,52,11,1,37.9039787,-91.4239279,19,24
840,52,13,1,37.5143127,-92.9258039,19,24
840,52,14,1,37.4542087,-93.513291,33,24
840,52,15,1,37.7705887,-93.8518459,33,22
840,52,16,1,37.1404034,-94.1191991,33,24
840,52,18,1,38.0833137,-91.9847259,19,24
840,52,19,1,38.9160367,-91.6100939,31,22
840,52,20,1,38.2794376,-92.900614,19,24
840,52,21,1,38.5860411,-92.434843,19,24
840,52,27,1,39.4571477,-92.1893609,31,22
840,52,28,1,39.4294496,-92.5567869,31,22
840,52,52,1,36.9623781,-90.5490559,19,24
840,52,53,1,36.7289917,-90.9894119,19,24
840,52,54,1,36.6429207,-92.9744729,19,24
840,52,56,1,37.2408609,-89.8075467,19,24
840,52,57,1,37.6791707,-90.0763459,19,24
840,52,58,1,37.5165109,-91.0309594,19,24
840,52,61,1,38.3512407,-91.8060379,19,24
840,52,62,1,38.1619747,-92.5999229,19,24
840,52,66,1,39.7948327,-93.1267409,32,22
840,52,71,1,40.025462,-95.0331182,32,22
840,52,109,1,37.6701567,-90.6467484,19,24
840,52,122,1,38.4464167,-93.2211229,33,24
840,52,124,1,38.6698532,-94.1050404,33,22
840,52,131,1,39.7131417,-94.0662299,32,22
840,52,133,1,40.4712811,-91.7164602,32,22
840,52,137,1,40.4657727,-95.2344499,32,22
840,59,1,1,39.8314157,-75.1462189,4,30
840,59,2,1,39.3852634,-75.3494715,4,30
840,59,3,1,39.5314149,-75.1074594,4,30
840,59,6,1,39.7769177,-74.9720939,4,30
840,59,10,1,40.5089177,-74.9307429,10,29
840,59,13,1,40.1672217,-74.0627799,4,30
840,59,19,1,41.1181687,-74.7967659,13,28
840,59,20,1,40.6572687,-75.0997599,13,28
840,59,21,1,41.3073947,-74.6772749,13,28
840,59,23,1,40.7140195,-74.7198716,10,29
840,59,26,1,40.4002128,-74.5197857,4,30
840,59,28,1,39.7511224,-74.585006,4,30
840,59,104,1,39.6959057,-75.4681439,4,30
840,59,107,1,39.6694554,-74.913799,4,30
840,59,114,1,40.5,-74.933333,10,29
840,59,116,1,40.8833603,-75.0589721,12,28
840,59,231,1,39.0178043,-74.9008117,4,30
840,61,3,1,40.8996977,-73.3894649,9,30
840,61,8,1,41.9708297,-73.9211209,13,13
840,61,9,1,41.7522667,-73.9895919,13,13
840,61,11,1,41.3812217,-74.4140959,13,28
840,61,13,1,41.5334407,-74.5802369,13,28
840,61,15,1,41.4526297,-74.5049339,13,28
840,61,18,1,42.3521387,-73.9939669,13,13
840,61,33,1,42.0123327,-75.8032509,24,28
840,61,36,1,42.4021987,-75.6038909,24,28
840,61,41,1,42.5202627,-76.2599639,24,28
840,61,43,1,42.5515907,-76.6333469,24,13
840,61,44,1,42.0423777,-76.0359509,24,28
840,61,49,1,42.6688307,-77.2251299,24,13
840,61,50,1,42.7071007,-77.5926879,24,13
840,61,90,1,43.2108147,-73.4141749,13,13
840,61,111,1,42.0836187,-78.5902949,24,28
840,61,120,1,42.8235737,-73.7328189,13,13
840,61,207,1,41.3311577,-73.6805499,12,30
840,63,2,1,34.95713,-76.65516,3,27
840,63,3,1,34.1327657,-77.8775469,3,27
840,63,4,1,34.5342189,-78.0716243,3,27
840,63,5,1,34.3209605,-78.5992368,3,27
840,63,10,1,35.9691437,-77.4434709,3,27
840,63,11,1,35.2819414,-77.7112775,4,27
840,63,12,1,35.6755372,-78.3220803,4,29
840,63,13,1,35.4161407,-78.0698959,4,27
840,63,14,1,35.9898149,-79.4688523,11,29
840,63,17,1,35.2194291,-80.2919201,11,29
840,63,23,1,36.3581287,-76.9786679,3,27
840,63,24,1,36.2540309,-77.9795614,11,29
840,63,25,1,36.0593305,-78.4863356,11,29
840,63,27,1,36.2898447,-80.6415019,11,29
840,63,30,1,35.316016,-83.2186082,23,28
840,63,101,1,33.9225168,-78.2125169,3,27
840,63,106,1,34.4715967,-79.2005609,4,27
840,63,107,1,35.8639187,-75.8611599,3,27
840,63,108,1,35.0476517,-76.9044781,3,27
840,63,109,1,35.6919219,-76.9896438,3,27
840,63,116,1,35.8549613,-81.0657464,11,29
840,63,119,1,35.8278747,-81.6405339,11,29
840,63,121,1,35.5865273,-82.4803436,23,28
840,63,202,1,34.9312881,-76.8406017,3,27
840,63,204,1,34.5909333,-77.7928721,3,27
840,63,205,1,34.4014777,-78.0548779,3,27
840,63,206,1,34.8933417,-78.5809019,4,27
840,63,207,1,34.8475995,-79.8554411,4,27
840,63,208,1,35.4900673,-76.543981,3,27
840,63,210,1,35.8648907,-77.7211309,4,27
840,63,212,1,35.5245603,-78.9085878,4,27
840,63,213,1,35.3169181,-78.0169365,4,27
840,63,215,1,35.3388703,-79.8019587,11,29
840,63,216,1,35.2425117,-80.6631699,11,29
840,63,217,1,35.9287265,-80.7208082,11,29
840,63,218,1,35.5089219,-81.4564775,11,29
840,63,220,1,35.9105725,-82.6486108,23,28
840,63,221,1,35.2966047,-82.3863829,23,28
840,63,222,1,35.1673667,-84.0448309,23,28
840,63,224,1,35.9991587,-77.8356539,4,27
840,63,225,1,36.0899346,-78.9520912,11,29
840,63,228,1,36.2714197,-81.5907129,23,28
840,63,230,1,36.1444727,-76.4471289,3,27
840,63,231,1,36.5332729,-77.3771141,4,27
840,63,232,1,36.4516207,-78.4392029,11,29
840,63,233,1,36.2956484,-79.4955592,11,29
840,63,301,1,36.5567273,-81.4877504,23,28
840,63,303,1,36.4747308,-79.1152367,11,29
840,63,304,1,36.176991,-78.2113363,11,29
840,63,305,1,36.4653338,-77.694212,4,27
840,63,306,1,36.1860407,-76.0089199,3,27
840,63,307,1,34.9969557,-83.9654629,23,28
840,63,308,1,35.1436807,-82.8386369,23,28
840,63,309,1,35.2125177,-82.0002509,11,29
840,63,311,1,35.1020747,-77.1960089,3,27
840,63,312,1,35.2683392,-78.052876,4,27
840,63,313,1,35.7523027,-77.2310819,3,27
840,63,314,1,35.1749287,-79.3606499,4,27
840,63,315,1,34.9528807,-79.2812189,4,27
840,63,316,1,34.9303027,-78.8536599,4,27
840,63,317,1,34.9002767,-77.3607189,3,27
840,63,318,1,35.5906977,-79.3326419,11,29
840,63,329,1,36.4199384,-75.9245906,3,27
840,63,419,1,35.266597,-76.996044,3,27
840,63,900,1,35.0090297,-79.3092799,4,27
840,63,902,1,35.0457687,-77.0695279,3,27
840,63,903,1,34.7300597,-76.9359209,3,27
840,63,905,1,36.5503967,-76.5500199,3,27
840,63,906,1,35.7720827,-83.1013189,23,28
840,63,909,1,35.8568197,-81.7896509,23,28
840,63,910,1,35.0399431,-83.2023406,23,28
840,63,913,1,35.6115051,-77.0140105,3,27
840,63,915,1,35.2353943,-76.9257639,3,27
840,66,1,1,41.5501237,-84.3898389,16,22
840,66,17,1,41.4687714,-81.0750897,24,13
840,66,25,1,40.9809757,-84.1972889,16,22
840,66,34,1,40.5642137,-83.0386289,31,22
840,66,35,1,40.246894,-83.2978987,31,22
840,66,39,1,40.4606653,-82.6249903,31,13
840,66,46,1,40.6059796,-81.1683844,22,28
840,66,49,1,40.1062833,-81.8999167,22,28
840,66,58,1,39.6578707,-84.3980039,31,22
840,66,60,1,39.493375,-84.6652972,31,22
840,66,64,1,39.3611652,-83.8637013,15,22
840,66,72,1,39.1991097,-82.6751939,22,28
840,66,73,1,39.3166637,-82.1680389,22,28
840,66,74,1,39.1527143,-82.9107789,22,28
840,66,75,1,39.9655986,-82.5305735,22,13
840,66,76,1,39.2309737,-82.2853793,22,28
840,66,82,1,39.2701767,-81.8827139,22,28
840,66,83,1,39.8938347,-81.6718899,22,28
840,66,85,1,38.9081057,-83.7588579,15,22
840,66,86,1,38.6696358,-83.4163514,15,24
840,66,87,1,38.8817267,-82.7884369,22,28
840,66,107,1,41.5440972,-83.4580032,16,22
840,66,113,1,41.4083645,-82.8822098,16,22
840,66,148,1,40.3076787,-81.5841149,22,28
840,66,150,1,40.1037173,-81.4172305,22,28
840,66,157,1,40.9118093,-80.5379536,24,28
840,66,161,1,39.4989563,-84.0134234,15,22
840,66,165,1,39.5569036,-83.8484908,31,22
840,66,168,1,39.8881087,-83.9166709,31,22
840,66,181,1,39.5671857,-81.5807429,22,28
840,66,251,1,40.2967664,-81.8718895,22,28
840,66,901,1,38.6865963,-82.6150863,22,28
840,66,904,1,39.3754092,-82.7626109,22,28
840,66,906,1,39.4318937,-81.8838039,22,28
840,66,952,1,38.649962,-83.1869915,22,28
840,67,1,1,34.5662622,-94.7071599,19,25
840,67,5,1,34.448321,-96.828193,33,21
840,67,14,1,35.1013362,-96.434896,33,21
840,67,15,1,35.7262277,-96.1218109,33,21
840,67,17,1,35.1750957,-97.4236139,33,21
840,67,20,1,35.4656557,-99.7351069,54,19
840,67,21,1,35.2628247,-99.8852919,54,19
840,67,23,1,36.9173437,-95.1256319,33,22
840,67,24,1,36.4091897,-95.8134099,33,22
840,67,26,1,36.7671854,-96.0624096,33,21
840,67,30,1,36.6600227,-98.9715489,34,19
840,67,50,1,33.9247807,-94.5655139,4,25
840,67,51,1,34.5280637,-94.9309459,19,25
840,67,54,1,34.4198537,-97.4574519,33,21
840,67,58,1,35.7256547,-95.5709839,33,22
840,67,61,1,35.3485437,-98.3945919,54,19
840,67,63,1,36.3215256,-94.6654907,19,24
840,67,64,1,36.2929021,-95.6865475,33,22
840,67,65,1,36.7524787,-96.3635719,33,22
840,67,67,1,36.6516197,-98.1634589,35,19
840,67,103,1,34.5284297,-95.3548669,19,25
840,67,106,1,34.3763967,-97.8588019,35,21
840,67,125,1,36.3614547,-96.0493689,33,21
840,67,900,1,34.7654129,-94.6223207,19,25
840,67,901,1,34.73613,-98.5225,54,19
840,67,905,1,34.2484599,-94.78207,19,25
840,67,906,1,34.3930749,-94.653845,19,25
840,67,907,1,34.7527798,-98.7819333,54,19
840,72,2,1,41.6375228,-80.4945401,24,13
840,72,6,1,41.5335247,-79.3470999,24,28
840,72,17,1,41.4207597,-78.7387779,24,28
840,72,21,1,41.2725507,-77.2415709,24,28
840,72,25,1,41.0712247,-77.2939995,13,28
840,72,29,1,41.3121387,-76.6638159,24,28
840,72,34,1,41.4410897,-76.9073399,24,28
840,72,35,1,41.2289,-76.4559998,13,28
840,72,36,1,41.1152527,-76.4792479,13,28
840,72,38,1,41.7057127,-75.7927799,24,28
840,72,42,1,41.2581129,-75.231938,24,28
840,72,43,1,41.9413666,-75.6172024,24,28
840,72,48,1,40.0771657,-80.3260179,22,28
840,72,49,1,40.6243617,-79.2376019,22,28
840,72,50,1,40.8479343,-79.5569899,22,28
840,72,54,1,40.6673234,-79.2349941,22,28
840,72,56,1,40.8006168,-79.3662002,22,28
840,72,59,1,40.335141,-78.329529,13,28
840,72,62,1,40.4467888,-78.339499,13,28
840,72,63,1,40.7309987,-78.2178879,13,28
840,72,64,1,40.5712157,-78.1386279,13,28
840,72,68,1,40.3760787,-77.6852029,13,28
840,72,70,1,40.0572077,-77.0638289,10,28
840,72,71,1,40.6956947,-77.8942099,13,28
840,72,72,1,40.5680517,-77.3969039,13,28
840,72,76,1,40.2118951,-76.7190419,13,28
840,72,79,1,40.4840637,-76.7674909,13,28
840,72,83,1,40.7874732,-75.9610008,13,28
840,72,84,1,40.168557,-75.4610252,10,29
840,72,85,1,40.6899507,-75.9991309,13,28
840,72,86,1,40.8040057,-75.3435909,13,28
840,72,88,1,39.9302972,-80.0595075,22,28
840,72,126,1,41.4517767,-77.2775949,24,28
840,72,127,1,41.2137917,-77.0343089,13,28
840,72,132,1,41.546735,-76.9628251,24,28
840,72,145,1,40.9179173,-80.1512697,22,28
840,72,151,1,40.3748197,-79.5781489,22,28
840,72,165,1,40.3267106,-77.3695842,13,28
840,72,166,1,40.238028,-77.668064,13,28
840,72,173,1,40.5023917,-76.9345269,13,28
840,72,174,1,40.1439152,-76.464419,10,29
840,72,177,1,40.2721512,-76.4627658,10,29
840,72,178,1,40.18613,-76.283221,10,28
840,72,180,1,40.2953187,-76.3233736,13,28
840,72,181,1,40.4295725,-75.2922457,10,29
840,72,182,1,40.2282327,-75.6611919,10,29
840,72,187,1,40.6352688,-75.9949941,13,28
840,72,189,1,39.9853173,-79.4174638,24,28
840,72,192,1,39.8666007,-78.1771689,13,28
840,72,194,1,39.7442404,-77.4911579,13,28
840,72,195,1,39.7690727,-76.4670089,10,29
840,72,196,1,39.9214279,-76.8883173,10,29
840,72,198,1,39.7863078,-75.8170428,10,29
840,72,275,1,40.2005127,-76.1717449,10,29
840,72,901,1,41.6174687,-76.2827769,24,28
840,72,903,1,40.829387,-75.5231529,24,28
840,72,907,1,41.4430932,-76.2415237,24,28
840,77,4,1,41.9898687,-71.7364119,12,30
840,77,800,1,41.2239857,-71.5653939,9,30
840,80,2,1,33.2862522,-79.6942904,3,27
840,80,3,1,32.2511024,-81.0334581,3,27
840,80,4,1,33.6458617,-79.4348459,3,27
840,80,5,1,33.3222497,-80.4614109,4,27
840,80,6,1,34.0240154,-79.7849141,4,27
840,80,8,1,33.6937497,-81.4906299,4,27
840,80,9,1,33.7228886,-81.3572843,4,27
840,80,10,1,34.5006527,-79.4239119,4,27
840,80,11,1,34.1944419,-80.2141711,4,27
840,80,18,1,34.6616003,-83.2805093,11,29
840,80,21,1,33.8064239,-82.2729506,11,29
840,80,23,1,33.54348,-81.67438,4,27
840,80,25,1,35.055104,-82.15584,11,29
840,80,26,1,34.388972,-81.735572,11,29
840,80,27,1,34.194067,-79.073733,3,27
840,80,28,1,33.697569,-79.635523,3,27
840,80,30,1,34.319833,-80.9424,4,29
840,80,31,1,34.926442,-83.014022,11,29
840,80,50,1,35.0799639,-81.5465039,11,29
840,80,51,1,34.0395565,-82.0911916,11,29
840,80,53,1,34.5830237,-80.4444509,4,27
840,80,54,1,34.7417067,-79.8130029,4,27
840,80,55,1,33.1451427,-81.0479519,4,27
840,80,57,1,33.6193783,-79.327825,3,27
840,80,58,1,32.7502126,-81.0471784,4,27
840,80,59,1,32.5362314,-80.6830998,3,27
840,80,101,1,32.9525947,-80.2609479,3,27
840,80,112,1,34.6203357,-80.7700429,11,29
840,80,114,1,34.0867789,-81.4778659,11,29
840,80,116,1,34.6896995,-82.6539427,11,29
840,80,117,1,34.7522612,-82.1092506,11,29
840,80,119,1,35.0971457,-81.9817129,11,29
840,80,900,1,34.5478477,-80.1728969,4,27
840,80,901,1,32.6041275,-80.1555591,3,27
840,82,1,1,36.4175101,-89.4379279,5,26
840,82,2,1,36.3065622,-89.3646928,5,26
840,82,3,1,35.0517759,-89.3754293,4,27
840,82,4,1,35.5377957,-89.3824309,4,27
840,82,6,1,35.3612207,-89.0787139,4,27
840,82,8,1,36.178722,-88.314377,4,27
840,82,9,1,35.4115013,-88.5485594,4,27
840,82,10,1,35.3431047,-88.8148959,4,27
840,82,11,1,35.9420253,-88.9027887,4,27
840,82,12,1,35.8134197,-88.8621969,4,27
840,82,13,1,36.1745577,-86.9969029,14,24
840,82,15,1,35.1607149,-87.6852374,14,24
840,82,16,1,35.8791357,-87.3276749,14,24
840,82,17,1,35.3492078,-87.1440788,14,24
840,82,18,1,35.4941757,-87.6791989,14,24
840,82,19,1,36.3259217,-86.3315439,14,24
840,82,20,1,36.5086597,-86.6658089,14,24
840,82,21,1,35.3350377,-86.6657259,14,24
840,82,22,1,35.8589627,-86.8259959,14,24
840,82,23,1,35.7357596,-86.1676666,14,24
840,82,25,1,36.0984567,-85.7051469,14,24
840,82,26,1,36.5041157,-85.6700349,14,24
840,82,27,1,35.3801394,-85.9158515,14,24
840,82,29,1,35.1735485,-85.6693511,21,28
840,82,34,1,36.0487507,-84.3482669,21,28
840,82,40,1,35.9074137,-83.9205469,13,28
840,82,41,1,36.0465477,-82.9128272,13,28
840,82,42,1,36.3180044,-82.077152,23,28
840,82,114,1,36.5507429,-87.7500558,14,24
840,82,128,1,35.1093452,-85.3637195,21,28
840,82,130,1,35.3018852,-85.1666632,21,28
840,82,135,1,35.1013137,-84.3982929,23,28
840,82,139,1,35.7304657,-83.8099149,23,28
840,82,900,1,35.0073537,-84.6889719,23,28
840,82,901,1,35.3452907,-84.3965529,23,28
840,82,902,1,35.3429377,-84.2305069,23,28
840,82,903,1,35.6843537,-83.5358349,23,28
840,82,904,1,35.6068456,-83.7864779,23,28
840,83,11,1,28.9083337,-95.6139832,6,37
840,83,13,1,28.5227307,-96.5045939,6,37
840,83,15,1,28.9215455,-97.9666688,7,21
840,83,17,1,28.6737143,-98.38854,7,21
840,83,20,1,29.6706502,-94.3415601,6,37
840,83,21,1,29.7343527,-94.4007057,6,37
840,83,22,1,29.1267731,-95.2442265,6,37
840,83,23,1,29.7863554,-95.831598,6,37
840,83,24,1,29.0185167,-96.9354075,6,21
840,83,25,1,29.5342447,-96.5090789,6,37
840,83,26,1,29.7858555,-97.0259942,8,21
840,83,27,1,29.8219637,-97.7494969,8,21
840,83,28,1,29.8739777,-98.6494589,53,20
840,83,32,1,30.7962929,-94.0899029,4,25
840,83,33,1,30.7110692,-94.9336495,4,25
840,83,34,1,30.5338929,-95.5021369,4,25
840,83,41,1,30.9594551,-98.7351553,53,20
840,83,42,1,30.3551169,-99.1490406,53,20
840,83,44,1,31.2015816,-94.8143346,4,25
840,83,45,1,31.8819446,-94.5202804,4,25
840,83,48,1,31.3143036,-96.6110675,8,21
840,83,49,1,31.4304618,-96.5963949,8,21
840,83,51,1,31.1829158,-97.9068817,53,20
840,83,52,1,31.1320902,-98.0448208,53,20
840,83,53,1,31.4345362,-98.1724883,53,20
840,83,56,1,32.6077902,-94.701781,4,25
840,83,57,1,32.4388568,-94.1555047,4,25
840,83,58,1,32.1808084,-95.7430805,4,25
840,83,60,1,32.5698812,-96.1349747,8,21
840,83,63,1,32.6900934,-97.7298261,8,21
840,83,64,1,32.1649434,-98.0495578,33,21
840,83,68,1,33.3601066,-94.7471681,4,25
840,83,69,1,33.5678857,-94.5044339,4,25
840,83,70,1,33.0520824,-95.8107075,8,21
840,83,71,1,33.2195339,-95.4858724,8,25
840,83,72,1,33.6818377,-96.7585531,8,21
840,83,75,1,33.5610847,-97.2713009,8,21
840,83,76,1,33.3624717,-98.9245219,33,21
840,83,135,1,30.7848996,-95.8000355,8,21
840,83,136,1,30.7618885,-96.7200416,8,21
840,83,139,1,30.6915827,-97.5857079,8,21
840,83,140,1,30.2495701,-98.0582098,53,20
840,83,147,1,31.8546877,-95.9711149,4,21
840,83,159,1,32.2333023,-95.5174446,4,25
840,83,214,1,28.781686,-97.2202749,6,21
840,83,237,1,30.5287787,-96.1971289,8,21
840,83,273,1,33.3677874,-96.0651288,8,21
840,83,306,1,28.6112037,-96.2152819,6,37
840,83,307,0,27.9864697,-97.2305209,6,37
840,83,308,1,28.5116467,-98.1198269,7,21
840,83,311,1,29.9141577,-94.0432501,6,37
840,83,312,0,29.1806007,-95.6187829,6,37
840,83,313,1,29.7269807,-96.0804439,6,21
840,83,314,1,29.2133329,-97.1483412,8,21
840,83,315,1,29.0939087,-98.6416779,7,36
840,83,317,1,29.5379301,-100.0117796,53,20
840,83,321,1,30.5957539,-94.1845047,3,25
840,83,323,1,30.2009897,-96.6532289,8,21
840,83,324,1,30.0926544,-97.7817189,8,21
840,83,333,1,31.6172317,-93.9263149,4,25
840,83,334,1,31.1248877,-94.0901569,4,25
840,83,335,1,31.5634237,-95.3001789,4,25
840,83,336,1,31.8611947,-96.2228399,8,21
840,83,337,1,31.3255877,-97.2409279,8,21
840,83,347,1,30.7308697,-93.6459209,3,25
840,83,348,1,32.3870612,-94.5702105,4,25
840,83,349,1,32.0682917,-95.2839819,4,25
840,83,350,1,32.7789408,-96.0240475,8,21
840,83,351,1,32.3141319,-97.4981958,8,21
840,83,352,1,32.6265908,-98.3699292,33,21
840,83,357,0,33.0955235,-94.0448296,4,25
840,83,359,1,33.1368767,-96.1615219,8,21
840,83,360,1,33.2866481,-97.5540547,33,21
840,83,439,1,31.5930797,-99.4248794,33,19
840,83,901,1,26.2449087,-97.3490589,7,37
840,83,902,1,28.5204581,-97.0481342,6,37
840,83,903,1,28.5408937,-96.9822745,7,36
840,88,2,0,39.2649107,-77.5849759,10,29
840,88,3,1,38.2891547,-79.4594489,13,28
840,88,4,1,38.1909534,-79.1647743,13,28
840,88,5,1,38.5758867,-78.5051729,13,28
840,88,7,1,38.8163337,-78.5638129,13,28
840,88,10,1,38.1740529,-77.2184791,4,27
840,88,12,1,38.6248921,-77.5897828,11,29
840,88,13,1,37.2138017,-82.4750989,21,28
840,88,14,1,37.0178877,-81.9476239,21,28
840,88,17,1,37.4881381,-79.873929,13,28
840,88,19,1,37.6105326,-79.2389683,11,29
840,88,21,1,37.8976577,-78.6894059,11,29
840,88,22,1,37.9095168,-78.5422838,11,29
840,88,23,1,37.7014449,-78.7872126,11,29
840,88,24,1,37.3326887,-78.9826802,11,29
840,88,25,1,37.2478937,-77.8286969,11,29
840,88,26,1,37.9811797,-77.8218239,11,29
840,88,28,1,37.2171627,-77.6223439,11,29
840,88,29,1,37.6595013,-76.341428,4,30
840,88,30,1,37.8800004,-76.6789481,4,27
840,88,31,1,37.0842847,-76.9863819,4,27
840,88,32,1,37.5482647,-75.7320849,4,30
840,88,37,1,36.7674727,-80.1918559,23,29
840,88,39,1,36.6058887,-79.7629019,11,29
840,88,40,1,36.6309512,-79.2532438,11,29
840,88,41,1,36.8559727,-78.5908119,11,29
840,88,42,1,36.6079187,-78.0088473,11,29
840,88,43,1,36.6057147,-77.1454409,4,27
840,88,44,1,36.5960851,-77.2865338,4,27
840,88,48,1,36.7293227,-76.0167249,3,27
840,88,49,1,37.2315367,-78.2602839,11,29
840,88,50,1,36.6143533,-78.4553951,11,29
840,88,51,1,37.0463681,-79.076783,11,29
840,88,127,1,37.1015582,-77.1604648,4,27
840,88,134,1,36.7021737,-82.7480769,13,28
840,88,902,1,37.5630157,-79.4547359,13,28
840,88,904,1,37.7915727,-79.9541849,13,28
840,88,906,1,37.4121017,-80.5227969,13,28
840,88,910,1,37.4990712,-76.4739316,4,27
840,88,914,1,37.7338847,-76.7997409,4,27
840,88,915,1,37.2558307,-76.9600889,4,27
840,88,916,1,37.9864539,-75.4288763,4,30
840,88,918,1,36.7154737,-76.5594699,3,27
840,88,923,1,38.9058083,-78.1992324,13,28
840,88,924,1,37.2214017,-82.4477379,21,28
840,90,1,1,37.7296134,-80.8195996,22,28
840,90,2,1,37.9457139,-80.7326693,22,28
840,90,3,1,37.6627657,-80.3143619,13,28
840,90,5,1,37.3039582,-81.1552555,21,28
840,90,6,1,37.6168997,-81.1148229,21,28
840,90,7,1,37.5320007,-81.7666849,21,28
840,90,14,1,38.793062,-81.4097591,22,28
840,90,16,1,38.7133034,-81.0222682,22,28
840,90,19,1,38.5848407,-81.7998809,22,28
840,90,20,1,38.2174027,-81.9661949,21,28
840,90,21,1,38.2356237,-81.7243649,21,28
840,90,25,1,38.7115697,-80.4944239,22,28
840,90,26,1,38.8296121,-80.7951792,22,28
840,90,27,1,38.0801867,-80.2288669,13,28
840,90,28,1,38.566293,-80.8973158,22,28
840,90,29,1,38.2958347,-80.5232839,24,28
840,90,30,1,38.3707667,-79.8181159,13,28
840,90,31,1,38.5618406,-79.4290148,13,28
840,90,36,1,39.0904426,-81.0341349,22,28
840,90,37,1,39.9139422,-80.7304852,22,28
840,90,38,1,39.4199317,-80.2029429,22,28
840,90,39,1,39.0491547,-80.5250999,22,28
840,90,41,1,39.652653,-80.7730165,22,28
840,90,42,1,39.3782737,-80.8687829,22,28
840,90,43,1,39.5044097,-80.5872959,22,28
840,90,48,1,39.1823897,-78.5094379,13,28
840,90,140,1,39.1928067,-80.0991062,22,28
840,90,149,1,38.9686037,-78.8453529,13,28
840,90,150,1,39.4443357,-78.1386329,13,28
840,90,902,1,38.9091007,-79.6994249,24,28
840,90,951,1,38.6777833,-79.8369271,24,28
